[
  {
    "class": 6,
    "no_of_exams": 7,
    "sections": {
      "A": 45,
      "B": 55,
      "C": 65,
      "D": 50,
      "E": 60,
      "F": 36
    }
  },

  {
    "class": 7,
    "no_of_exams": 7,
    "sections": {
      "A": 40,
      "B": 51,
      "C": 62,
      "D": 47,
      "E": 58,
      "F": 35
    }
  },

  {
    "class": 8,
    "no_of_exams": 7,
    "sections": {
      "A": 42,
      "B": 54,
      "C": 66,
      "D": 49,
      "E": 61,
      "F": 37
    }
  },

  {
    "class": 9,
    "no_of_exams": 7,
    "sections": {
      "A": 38,
      "B": 53,
      "C": 64,
      "D": 48,
      "E": 60,
      "F": 36
    }
  },

  {
    "class": 10,
    "no_of_exams": 7,
    "sections": {
      "A": 41,
      "B": 55,
      "C": 67,
      "D": 50,
      "E": 62,
      "F": 37
    }
  },

  {
    "class": 11,
    "no_of_exams": 6,
    "sections": {
      "S1": 35,
      "S2": 45,
      "S3": 55,
      "S4": 40,
      "A1": 60,
      "A2": 50,
      "C1": 65,
      "C2": 55
    }
  },

  {
    "class": 12,
    "no_of_exams": 6,
    "sections": {
      "S1": 35,
      "S2": 45,
      "S3": 55,
      "S4": 40,
      "A1": 60,
      "A2": 50,
      "C1": 65,
      "C2": 55
    }
  }
]
