{
    "1": {
        "101": "Teacher 1",
        "102": "Teacher 7",
        "103": "Teacher 8",
        "104": "Teacher 2",
        "105": "Teacher 6",
        "106": "Teacher 10",
        "107": "Teacher 3",
        "108": "Teacher 4",
        "109": "Teacher 5",
        "110": "Teacher 11",
        "201": "Teacher 14",
        "202": "Teacher 17",
        "203": "Teacher 12",
        "204": "Teacher 15",
        "205": "Teacher 20",
        "206": "Teacher 22",
        "207": "Teacher 26",
        "208": "Teacher 29",
        "209": "Teacher 32",
        "210": "Teacher 33",
        "301": "Teacher 23",
        "302": "Teacher 24",
        "303": "Teacher 25"
    },
    "2": {
        "101": "Teacher 28",
        "102": "Teacher 30",
        "103": "Teacher 34",
        "104": "Teacher 36",
        "105": "Teacher 37",
        "106": "Teacher 43",
        "107": "Teacher 9",
        "108": "Teacher 13",
        "109": "Teacher 16",
        "110": "Teacher 39",
        "201": "Teacher 41",
        "202": "Teacher 44",
        "301": "Teacher 45"
    },
    "3": {
        "101": "Teacher 1",
        "102": "Teacher 7",
        "103": "Teacher 8",
        "104": "Teacher 2",
        "105": "Teacher 6",
        "106": "Teacher 10",
        "107": "Teacher 3",
        "108": "Teacher 4",
        "109": "Teacher 5",
        "110": "Teacher 11",
        "201": "Teacher 14",
        "202": "Teacher 17",
        "203": "Teacher 12",
        "204": "Teacher 15",
        "205": "Teacher 20",
        "206": "Teacher 22",
        "207": "Teacher 26",
        "208": "Teacher 29",
        "209": "Teacher 32",
        "210": "Teacher 33",
        "301": "Teacher 23",
        "302": "Teacher 24",
        "303": "Teacher 25"
    },
    "4": {
        "101": "Teacher 28",
        "102": "Teacher 30",
        "103": "Teacher 34",
        "104": "Teacher 36",
        "105": "Teacher 37",
        "106": "Teacher 43",
        "107": "Teacher 9",
        "108": "Teacher 13",
        "109": "Teacher 16",
        "110": "Teacher 39",
        "201": "Teacher 41",
        "202": "Teacher 44",
        "301": "Teacher 45"
    },
    "5": {
        "101": "Teacher 1",
        "102": "Teacher 7",
        "103": "Teacher 8",
        "104": "Teacher 2",
        "105": "Teacher 6",
        "106": "Teacher 10",
        "107": "Teacher 3",
        "108": "Teacher 4",
        "109": "Teacher 5",
        "110": "Teacher 11",
        "201": "Teacher 14",
        "202": "Teacher 17",
        "203": "Teacher 12",
        "204": "Teacher 15",
        "205": "Teacher 20",
        "206": "Teacher 22",
        "207": "Teacher 26",
        "208": "Teacher 29",
        "209": "Teacher 32",
        "210": "Teacher 33",
        "301": "Teacher 23",
        "302": "Teacher 24",
        "303": "Teacher 25"
    },
    "6": {
        "101": "Teacher 28",
        "102": "Teacher 30",
        "103": "Teacher 34",
        "104": "Teacher 36",
        "105": "Teacher 37",
        "106": "Teacher 43",
        "107": "Teacher 9",
        "108": "Teacher 13",
        "109": "Teacher 16",
        "110": "Teacher 39",
        "201": "Teacher 41",
        "202": "Teacher 44",
        "301": "Teacher 45"
    },
    "7": {
        "101": "Teacher 1",
        "102": "Teacher 7",
        "103": "Teacher 8",
        "104": "Teacher 2",
        "105": "Teacher 6",
        "106": "Teacher 10",
        "107": "Teacher 3",
        "108": "Teacher 4",
        "109": "Teacher 5",
        "110": "Teacher 11",
        "201": "Teacher 14",
        "202": "Teacher 17",
        "203": "Teacher 12",
        "204": "Teacher 15",
        "205": "Teacher 20",
        "206": "Teacher 22",
        "207": "Teacher 26",
        "208": "Teacher 29",
        "209": "Teacher 32",
        "210": "Teacher 33",
        "301": "Teacher 23",
        "302": "Teacher 24",
        "303": "Teacher 25"
    },
    "8": {
        "101": "Teacher 28",
        "102": "Teacher 30",
        "103": "Teacher 34",
        "104": "Teacher 36",
        "105": "Teacher 37",
        "106": "Teacher 43",
        "107": "Teacher 9",
        "108": "Teacher 13",
        "109": "Teacher 16",
        "110": "Teacher 39",
        "201": "Teacher 41",
        "202": "Teacher 44",
        "301": "Teacher 45"
    }
}