[{"id": "1", "name": "Ethan Thompson", "DOJ": "2014-08-11"}, {"id": "2", "name": "Lucas Brooks", "DOJ": "2022-03-17"}, {"id": "3", "name": "Mason Reed", "DOJ": "2012-07-13"}, {"id": "4", "name": "Logan Martin", "DOJ": "1998-08-04"}, {"id": "5", "name": "Julian Styles", "DOJ": "2013-05-08"}, {"id": "6", "name": "Caleb Wilson", "DOJ": "2005-02-16"}, {"id": "7", "name": "Alexander Lee", "DOJ": "2014-04-11"}, {"id": "8", "name": "Gabriel Harris", "DOJ": "2012-08-02"}, {"id": "9", "name": "Benjamin Davis", "DOJ": "2023-08-26"}, {"id": "10", "name": "Christopher Garcia", "DOJ": "2024-10-16"}, {"id": "11", "name": "Joshua Russell", "DOJ": "2023-09-11"}, {"id": "12", "name": "Michael Phillips", "DOJ": "2016-02-22"}, {"id": "13", "name": "Nicholas Jenkins", "DOJ": "2003-03-16"}, {"id": "14", "name": "Ryan Kennedy", "DOJ": "2010-07-22"}, {"id": "15", "name": "Samuel Brooks", "DOJ": "2023-10-19"}, {"id": "16", "name": "Emily Patel", "DOJ": "1999-06-24"}, {"id": "17", "name": "Olivia Brown", "DOJ": "2017-03-22"}, {"id": "18", "name": "Ava Lewis", "DOJ": "2006-05-26"}, {"id": "19", "name": "Mia Rodriguez", "DOJ": "2003-11-20"}, {"id": "20", "name": "Sophia Taylor", "DOJ": "2014-03-04"}, {"id": "21", "name": "Isabella Martin", "DOJ": "2017-02-03"}, {"id": "22", "name": "Charlotte Lee", "DOJ": "2012-04-13"}, {"id": "23", "name": "Amelia Garcia", "DOJ": "2015-01-04"}, {"id": "24", "name": "Abigail Harris", "DOJ": "2020-03-23"}, {"id": "25", "name": "Harper Davis", "DOJ": "2009-09-21"}, {"id": "26", "name": "Lily Jenkins", "DOJ": "2024-10-19"}, {"id": "27", "name": "Evelyn Russell", "DOJ": "2013-01-19"}, {"id": "28", "name": "Zoe Brooks", "DOJ": "2016-05-17"}, {"id": "29", "name": "Julia Phillips", "DOJ": "2013-03-04"}, {"id": "30", "name": "Gabriella Kennedy", "DOJ": "2022-03-01"}, {"id": "31", "name": "Jordan Reed", "DOJ": "2015-09-07"}, {"id": "32", "name": "Taylor Brown", "DOJ": "2021-05-07"}, {"id": "33", "name": "Morgan Martin", "DOJ": "2012-10-31"}, {"id": "34", "name": "Casey Lee", "DOJ": "2005-06-18"}, {"id": "35", "name": "Drew Garcia", "DOJ": "2006-02-19"}, {"id": "36", "name": "Alex Harris", "DOJ": "2015-09-01"}, {"id": "37", "name": "Dakota Davis", "DOJ": "2003-01-21"}, {"id": "38", "name": "Jamie Jenkins", "DOJ": "2021-11-07"}, {"id": "39", "name": "Sydney Russell", "DOJ": "2011-02-06"}, {"id": "40", "name": "Parker Brooks", "DOJ": "2003-03-30"}, {"id": "41", "name": "Austin Williams", "DOJ": "2023-04-11"}, {"id": "42", "name": "Bryson Jackson", "DOJ": "2022-11-03"}, {"id": "43", "name": "Cameron Reed", "DOJ": "2014-12-18"}, {"id": "44", "name": "Dylan Martin", "DOJ": "2017-07-25"}, {"id": "45", "name": "Eric Brown", "DOJ": "2016-11-17"}, {"id": "46", "name": "Gabriel Thompson", "DOJ": "2001-11-25"}, {"id": "47", "name": "Harrison Lee", "DOJ": "1999-03-08"}, {"id": "48", "name": "Isaac Garcia", "DOJ": "2023-03-03"}, {"id": "49", "name": "Jaxon Davis", "DOJ": "2024-07-31"}, {"id": "50", "name": "Kennedy Phillips", "DOJ": "2011-03-05"}, {"id": "51", "name": "Aiden Rodriguez", "DOJ": "2020-09-29"}, {"id": "52", "name": "Brianna Taylor", "DOJ": "2017-09-04"}, {"id": "53", "name": "Caroline Brooks", "DOJ": "2006-07-06"}, {"id": "54", "name": "Dakota Jenkins", "DOJ": "2005-03-20"}, {"id": "55", "name": "Emily Harris", "DOJ": "2015-09-29"}, {"id": "56", "name": "Evelyn Martin", "DOJ": "2009-12-23"}, {"id": "57", "name": "Gabriella Brown", "DOJ": "2006-06-12"}, {"id": "58", "name": "Hayden Lee", "DOJ": "2020-02-07"}, {"id": "59", "name": "Isabella Garcia", "DOJ": "1998-05-09"}, {"id": "60", "name": "Julia Russell", "DOJ": "2013-06-24"}, {"id": "61", "name": "Kayla Davis", "DOJ": "2014-03-24"}, {"id": "62", "name": "Lane Reed", "DOJ": "2008-08-03"}, {"id": "63", "name": "Mason Kennedy", "DOJ": "1999-12-17"}, {"id": "64", "name": "Nico Lee", "DOJ": "2004-09-02"}, {"id": "65", "name": "Parker Phillips", "DOJ": "2023-06-22"}, {"id": "66", "name": "Quinn Brooks", "DOJ": "1999-08-23"}, {"id": "67", "name": "Ryan Jenkins", "DOJ": "2010-11-02"}, {"id": "68", "name": "Sage Martin", "DOJ": "2009-06-18"}, {"id": "69", "name": "Taylor Brown", "DOJ": "1998-09-15"}, {"id": "70", "name": "Tyler Harris", "DOJ": "2005-11-06"}]