{"1": {"days": [0, 0, 3, 0, 3, 0, 3, 0]}, "2": {"days": [0, 3, 0, 3, 0, 0, 3, 0]}, "3": {"days": [0, 3, 0, 0, 0, 0, 0, 0]}, "4": {"days": [0, 0, 0, 0, 0, 0, 0, 0]}, "5": {"days": [0, 3, 0, 3, 0, 0, 0, 0]}, "6": {"days": [0, 3, 0, 0, 0, 0, 0, 0]}, "7": {"days": [0, 0, 0, 3, 0, 3, 0, 3]}, "8": {"days": [0, 3, 0, 3, 0, 3, 0, 3]}, "9": {"days": [0, 3, 0, 0, 3, 0, 3, 0]}, "10": {"days": [0, 3, 0, 0, 3, 0, 3, 0]}, "11": {"days": [3, 0, 3, 0, 0, 0, 3, 0]}, "12": {"days": [0, 3, 0, 3, 0, 0, 0, 3]}, "13": {"days": [3, 0, 3, 0, 3, 0, 3, 0]}, "14": {"days": [0, 3, 0, 0, 0, 0, 3, 0]}, "15": {"days": [0, 0, 0, 0, 3, 0, 0, 3]}, "16": {"days": [0, 0, 3, 0, 0, 3, 0, 0]}, "17": {"days": [0, 0, 3, 0, 3, 0, 3, 0]}, "18": {"days": [0, 0, 0, 3, 0, 0, 0, 0]}, "19": {"days": [0, 3, 0, 3, 0, 3, 0, 3]}, "20": {"days": [3, 0, 3, 0, 3, 0, 0, 0]}, "21": {"days": [0, 3, 0, 3, 0, 0, 0, 0]}, "22": {"days": [0, 0, 0, 3, 0, 0, 3, 0]}, "23": {"days": [0, 0, 3, 0, 0, 3, 0, 3]}, "24": {"days": [3, 0, 0, 0, 0, 3, 0, 0]}, "25": {"days": [3, 0, 3, 0, 3, 0, 0, 3]}, "26": {"days": [0, 0, 0, 0, 0, 3, 0, 0]}, "27": {"days": [3, 0, 3, 0, 0, 0, 0, 3]}, "28": {"days": [3, 0, 0, 3, 0, 0, 0, 3]}, "29": {"days": [0, 0, 0, 3, 0, 3, 0, 0]}, "30": {"days": [3, 0, 0, 3, 0, 0, 3, 0]}, "31": {"days": [3, 0, 0, 3, 0, 0, 3, 0]}, "32": {"days": [0, 3, 0, 0, 3, 0, 0, 0]}, "33": {"days": [3, 0, 3, 0, 0, 3, 0, 0]}, "34": {"days": [0, 3, 0, 0, 3, 0, 0, 0]}, "35": {"days": [0, 0, 0, 0, 3, 0, 3, 0]}, "36": {"days": [0, 0, 3, 0, 0, 0, 3, 0]}, "37": {"days": [3, 0, 3, 0, 3, 0, 3, 0]}, "38": {"days": [3, 0, 3, 0, 3, 0, 0, 0]}, "39": {"days": [0, 0, 3, 0, 0, 3, 0, 3]}, "40": {"days": [3, 0, 0, 0, 3, 0, 0, 0]}, "41": {"days": [0, 3, 0, 3, 0, 0, 3, 0]}, "42": {"days": [3, 0, 0, 3, 0, 3, 0, 0]}, "43": {"days": [3, 0, 3, 0, 3, 0, 3, 0]}, "44": {"days": [0, 0, 0, 3, 0, 3, 0, 0]}, "45": {"days": [0, 3, 0, 0, 0, 0, 3, 0]}, "46": {"days": [3, 0, 0, 0, 3, 0, 0, 0]}, "47": {"days": [0, 0, 0, 3, 0, 3, 0, 0]}, "48": {"days": [0, 3, 0, 3, 0, 3, 0, 3]}, "49": {"days": [0, 3, 0, 3, 0, 3, 0, 3]}, "50": {"days": [3, 0, 3, 0, 0, 0, 0, 3]}, "51": {"days": [3, 0, 0, 3, 0, 3, 0, 3]}, "52": {"days": [0, 0, 0, 0, 0, 0, 0, 3]}, "53": {"days": [0, 3, 0, 0, 0, 0, 3, 0]}, "54": {"days": [3, 0, 0, 0, 0, 3, 0, 3]}, "55": {"days": [0, 3, 0, 0, 3, 0, 0, 3]}, "56": {"days": [0, 0, 0, 0, 0, 3, 0, 3]}, "57": {"days": [0, 0, 3, 0, 0, 3, 0, 0]}, "58": {"days": [0, 3, 0, 0, 3, 0, 0, 0]}, "59": {"days": [0, 3, 0, 3, 0, 3, 0, 0]}, "60": {"days": [0, 3, 0, 0, 3, 0, 0, 3]}, "61": {"days": [0, 3, 0, 3, 0, 0, 3, 0]}, "62": {"days": [0, 0, 3, 0, 3, 0, 0, 3]}, "63": {"days": [3, 0, 3, 0, 0, 3, 0, 3]}, "64": {"days": [0, 0, 0, 0, 0, 0, 0, 3]}, "65": {"days": [3, 0, 3, 0, 0, 0, 3, 0]}, "66": {"days": [0, 0, 3, 0, 0, 3, 0, 3]}, "67": {"days": [0, 0, 0, 0, 3, 0, 3, 0]}, "68": {"days": [3, 0, 0, 3, 0, 3, 0, 0]}, "69": {"days": [3, 0, 3, 0, 3, 0, 3, 0]}, "70": {"days": [0, 0, 3, 0, 3, 0, 3, 0]}}